url_path,views_total,views_unique
/DataJourneyHQ/DataJourney,18,9
/DataJourneyHQ/DataJourney/security/dependabot,3,1
/DataJourneyHQ/DataJourney/issues,2,2
/DataJourneyHQ/DataJourney/releases,2,2
/DataJourneyHQ/DataJourney/commits,2,1
/DataJourneyHQ/DataJourney/security,2,1
/DataJourneyHQ/DataJourney/security/code-scanning,2,1
/DataJourneyHQ/DataJourney/wiki/Contribution-Guidelines-(AI‐Aware),2,1
/DataJourneyHQ/DataJourney/actions,1,1
/DataJourneyHQ/DataJourney/blob/main/INCIDENT_RESPONSE.md,1,1
